<?xml version="1.0" encoding="UTF-16"?>
<Task version="1.4" xmlns="http://schemas.microsoft.com/windows/2004/02/mit/task">
  <RegistrationInfo>
    <Date>2024-01-01T00:00:00</Date>
    <Author>SGI Cruscotto</Author>
    <Description>Local Opener Service per apertura documenti locali da Google Drive Desktop. Esegue per tutti gli utenti con delay per attendere il montaggio di Google Drive.</Description>
    <URI>\LocalOpener_AllUsers</URI>
  </RegistrationInfo>
  <Triggers>
    <LogonTrigger>
      <Enabled>true</Enabled>
      <Delay>PT45S</Delay>
      <ExecutionTimeLimit>PT0S</ExecutionTimeLimit>
    </LogonTrigger>
  </Triggers>
  <Principals>
    <Principal id="Author">
      <GroupId>S-1-5-32-545</GroupId>
      <RunLevel>HighestAvailable</RunLevel>
    </Principal>
  </Principals>
  <Settings>
    <MultipleInstancesPolicy>IgnoreNew</MultipleInstancesPolicy>
    <DisallowStartIfOnBatteries>false</DisallowStartIfOnBatteries>
    <StopIfGoingOnBatteries>false</StopIfGoingOnBatteries>
    <AllowHardTerminate>false</AllowHardTerminate>
    <StartWhenAvailable>true</StartWhenAvailable>
    <RunOnlyIfNetworkAvailable>false</RunOnlyIfNetworkAvailable>
    <IdleSettings>
      <StopOnIdleEnd>false</StopOnIdleEnd>
      <RestartOnIdle>false</RestartOnIdle>
    </IdleSettings>
    <AllowStartOnDemand>true</AllowStartOnDemand>
    <Enabled>true</Enabled>
    <Hidden>false</Hidden>
    <RunOnlyIfIdle>false</RunOnlyIfIdle>
    <DisallowStartOnRemoteAppSession>false</DisallowStartOnRemoteAppSession>
    <UseUnifiedSchedulingEngine>true</UseUnifiedSchedulingEngine>
    <WakeToRun>false</WakeToRun>
    <ExecutionTimeLimit>PT0S</ExecutionTimeLimit>
    <Priority>7</Priority>
    <RestartOnFailure>
      <Interval>PT1M</Interval>
      <Count>3</Count>
    </RestartOnFailure>
  </Settings>
  <Actions Context="Author">
    <Exec>
      <Command>C:\ProgramData\LocalOpener\local-opener-wrapper.bat</Command>
      <WorkingDirectory>C:\ProgramData\LocalOpener</WorkingDirectory>
    </Exec>
  </Actions>
</Task>
